Accession,Supplementary file name,Type
GSE17970,GSE17970_supplemental_table_1.xls.gz,anti-conservative
GSE32038,GSE32038_cds.diff.gz,anti-conservative
GSE32038,GSE32038_splicing.diff.gz,anti-conservative
GSE36781,GSE36781_gene_exp_diff.txt.gz,anti-conservative
GSE36959,GSE36959_gene_exp_diff.txt.gz,anti-conservative
GSE37682,GSE37682_RAW.txt.gz,anti-conservative
GSE41367,GSE41367_brenneri_gns.expr.txt.gz,anti-conservative
GSE41367,GSE41367_brenneri_soap.expr.txt.gz,anti-conservative
GSE41367,GSE41367_briggsae_gns.expr.txt.gz,anti-conservative
GSE41367,GSE41367_briggsae_soap.expr.txt.gz,anti-conservative
GSE41367,GSE41367_elegans_gns.expr.txt.gz,anti-conservative
GSE41367,GSE41367_elegans_soap.expr.txt.gz,anti-conservative
GSE41367,GSE41367_japonica_gns.expr.txt.gz,anti-conservative
GSE41367,GSE41367_japonica_soap.expr.txt.gz,anti-conservative
GSE41367,GSE41367_remanei_gns.expr.txt.gz,anti-conservative
GSE41367,GSE41367_remanei_soap.expr.txt.gz,anti-conservative
GSE41873,GSE41873_FPKM_all_genes_from_CuffDiff.txt.gz,anti-conservative
GSE43189,GSE43189_processed_h99_rim101.csv.gz,anti-conservative
GSE44402,GSE44402_QW_Table_S2-AS_targets_of_PQBP1_identified_from_RNA-seq.xlsx.gz,anti-conservative
GSE44536,GSE44536_GEO_Processed_file_excel.xlsx.gz-sheet-FPKM_NC_009338,anti-conservative
GSE44846,GSE44846_O157_genome_total.xlsx.gz-sheet-Sheet1,anti-conservative
GSE45788,GSE45788_S72_2_RefII_S72_1_Emf_exp.cuff.gz,anti-conservative
GSE49587,GSE49587_ORvSmn_DEUtable.txt.gz,anti-conservative
GSE50198,GSE50198_Tet1kd_vs_v6.5_DEXSeq_results.txt.gz,anti-conservative
GSE50198,GSE50198_Tet2kd_vs_v6.5_DEXSeq_results.txt.gz,anti-conservative
GSE50535,GSE50535_diffexp_2.txt.gz,anti-conservative
GSE50708,GSE50708_DE_result.txt.gz,anti-conservative
GSE51037,GSE51037_Untreated_Nitrate_Processed_CunninghamBussel.xlsx.gz,anti-conservative
GSE52058,GSE52058_Cuffdiff_Dana_TestisOvary.gene_exp.diff.gz,anti-conservative
GSE52058,GSE52058_Cuffdiff_Dpse_TestisOvary.gene_exp.diff.gz,anti-conservative
GSE52153,GSE52153_czt-1DMSOvsczt-1STS.txt.gz,anti-conservative
GSE53789,GSE53789_GFP_LCM_gt_GFP_FACS_gene_exp_with_zeros.diff.txt.gz,anti-conservative
GSE53789,GSE53789_GFP_LCM_gt_WT_FACS_gene_exp_with_zeros.diff.txt.gz,anti-conservative
GSE54440,GSE54440_WT_Z2_RNAseq_rep2.txt.gz,anti-conservative
GSE55528,GSE55528_gene_exp_PA.diff.gz,anti-conservative
GSE55528,GSE55528_gene_exp_SA.diff.gz,anti-conservative
GSE56169,GSE56169_normalized_RNASeq_Ctrl_vs_E2a.txt.gz,anti-conservative
GSE57217,GSE57217_bck1wt_geneexp_diff.txt.gz,anti-conservative
GSE57217,GSE57217_mkk2wt_geneexp_diff.txt.gz,anti-conservative
GSE57217,GSE57217_mpk1wt_geneexp_diff.txt.gz,anti-conservative
GSE58052,GSE58052_N.europaea_co-culture_over_single-culture.txt.gz,anti-conservative
GSE58053,GSE58053_25mm-over-0mm.txt.gz,anti-conservative
GSE58053,GSE58053_25mm-over-1mm.txt.gz,anti-conservative
GSE59814,GSE59814_processed_data.txt.gz,anti-conservative
GSE60191,GSE60191_RNA_halflives.xlsx.gz-sheet-Tabelle1,anti-conservative
GSE62200,GSE62200_Table_S4.xls.gz-sheet-Table S5 N2Y6-M VS LYP9-M,anti-conservative
GSE62785,GSE62785_Table_S1_Genes_differentially_expressed_in_hns_mutant_in_mid-exponential_phase.xls.gz-sheet-status = OK,anti-conservative
GSE62785,GSE62785_Table_S2_Genes_differentially_expressed_in_hns_mutant_in_early_stationary_phase.xls.gz-sheet-status = ok,anti-conservative
GSE63141,GSE63141_eTMglc_gene_exp.diff.gz,anti-conservative
GSE63141,GSE63141_eTMgly_gene_exp.diff.gz,anti-conservative
GSE63707,GSE63707_DEXSeqResults_AretIR_03d_vs_IFMWT_03d.txt.gz,anti-conservative
GSE63707,GSE63707_DEXSeqResults_AretIR_03d_vs_salm_ko.txt.gz,anti-conservative
GSE63707,GSE63707_DEXSeqResults_AretIR_30h_vs_IFMWT_30h.txt.gz,anti-conservative
GSE63707,GSE63707_DEXSeqResults_AretIR_72h_vs_IFMWT_72h.txt.gz,anti-conservative
GSE63707,GSE63707_DEXSeqResults_IFMWT_03d_vs_jump_0d.txt.gz,anti-conservative
GSE63707,GSE63707_DEXSeqResults_IFMWT_03d_vs_leg_0d.txt.gz,anti-conservative
GSE63707,GSE63707_DEXSeqResults_salm_ko_vs_IFMWT_03d.txt.gz,anti-conservative
GSE63948,GSE63948_Supplemental_Table2_DeepSeq_Fanourgakis_etAl.xls.gz-sheet-long 3'UTR transcripts(>1500nt),anti-conservative
GSE63948,GSE63948_Supplemental_Table2_DeepSeq_Fanourgakis_etAl.xls.gz-sheet-medium 3'UTR transcripts,anti-conservative
GSE63948,GSE63948_Supplemental_Table2_DeepSeq_Fanourgakis_etAl.xls.gz-sheet-short 3'UTR transcripts(<350nt),anti-conservative
GSE64242,GSE64242_cufdiff_isoform_exp.diff.gz,anti-conservative
GSE64513,GSE64513_FOXD3_vs_Control_gene_exp_diff_anno.txt.gz,anti-conservative
GSE67674,GSE67674_RNA-seq_analysis_AADMSOvsAAGSK-J4.txt.gz,anti-conservative
GSE67674,GSE67674_RNA-seq_analysis_PBSDMSOvsPBSGSK-J4.txt.gz,anti-conservative
GSE67756,GSE67756_LA2A-vs-LC2A.compare.txt.gz,anti-conservative
GSE67756,GSE67756_LB2A-vs-LF1A.compare.txt.gz,anti-conservative
GSE68176,GSE68176_Ophio1_1.gene_exp.diff.gz,anti-conservative
GSE69001,GSE69001_DE_list_planktonic_v_biolfim.txt.gz,anti-conservative
GSE69001,GSE69001_DE_list_planktonic_v_plate.txt.gz,anti-conservative
GSE69001,GSE69001_DE_list_plate_v_biofilm.txt.gz,anti-conservative
GSE70876,GSE70876_Additional_file_4.xls.gz,anti-conservative
GSE71185,GSE71185_CHD8_CRISPR_RNASeq_Cuffdiff_PolyA.txt.gz,anti-conservative
GSE71185,GSE71185_CHD8_Knockdown_RNASeq_Cuffdiff_PolyA.txt.gz,anti-conservative
GSE71185,GSE71185_NSD3_Knockdown_RNASeq_Cuffdiff_NSR.txt.gz,anti-conservative
GSE71185,GSE71185_NSD3_Knockdown_RNASeq_Cuffdiff_PolyA.txt.gz,anti-conservative
GSE71539,GSE71539_TP0vsTP23_tag_results.txt.gz,anti-conservative
GSE71916,GSE71916_Expression_Cufflinks_siRbfox1_3+EGFP_compared_to_siNT+EGFP.txt.gz,anti-conservative
GSE74103,GSE74103_Tobacco_FS_v_WT_DESeq_refGene.all.annotated.txt.gz,anti-conservative
GSE74103,GSE74103_Tobacco_G1_v_WT_DESeq_refGene.all.annotated.txt.gz,anti-conservative
GSE74103,GSE74103_Tobacco_GS_v_WT_DESeq_refGene.all.annotated.txt.gz,anti-conservative
GSE74920,GSE74920_SupplementalTable1.xlsx.gz,anti-conservative
GSE74920,GSE74920_SupplementalTable3.xlsx.gz,anti-conservative
GSE74993,GSE74993_SupplementalTables.xlsx-sheet-Table S1,anti-conservative
GSE75731,GSE75731_ckvsd119a_gene_exp_diff.txt.gz,anti-conservative
GSE75731,GSE75731_ckvsdrug_gene_exp_diff.txt.gz,anti-conservative
GSE75731,GSE75731_ckvsv149a_gene_exp_diff.txt.gz,anti-conservative
GSE75993,GSE75993_processed_data.xls.gz-sheet-1_WT_vs_KO_DESeq_All,anti-conservative
GSE77025,GSE77025_gene_exp.diff.gz,anti-conservative
GSE77077,GSE77077_HT_data_36hpf.xls.gz,anti-conservative
GSE77351,GSE77351_Farshchian.txt.gz,anti-conservative
GSE77398,GSE77398_mal_all6_cuffdiff_genes.xls.gz,anti-conservative
GSE77769,GSE77769_RNA_diff_final.txt.gz,anti-conservative
GSE79143,GSE79143_SNPCountsTable.txt.gz,anti-conservative
GSE79416,GSE79416_new-lncRNA_transcript_output.xls.gz,anti-conservative
GSE79916,GSE79916_Dataset_S1-JUM_output_for_differential_AS_analyses_of_PSIdeltaAB_and_full-length_PSI_male_fly_heads.xls.gz,anti-conservative
GSE80135,GSE80135_siNeg_Lipo_results.csv.gz,anti-conservative
GSE80348,GSE80348_20160316_6h_wt_vs_mu.xlsx,anti-conservative
GSE81043,GSE81043_sh109_final_unique_DESeq_InfFixed_DiffExp.xlsx.gz,anti-conservative
GSE82134,GSE82134_NCBI_res_root_deseq_full.xlsx,anti-conservative
GSE83375,GSE83375_GB_glia.FPKM.txt.gz,anti-conservative
GSE84308,GSE84308_RNA.txt.gz,anti-conservative
GSE84481,GSE84481_3xTg.txt.gz,anti-conservative
GSE84737,GSE84737_All_genes_unfiltered_DE.txt.gz,anti-conservative
GSE84737,GSE84737_Genes_filtered_DE.txt.gz,anti-conservative
GSE85329,GSE85329_IGF_project_IGF_results.txt.gz,anti-conservative
GSE85627,GSE85627_mDUX-mESC.xlsx.gz-sheet-Sorted,anti-conservative
GSE85627,GSE85627_mDUX-mESC.xlsx.gz-sheet-Unsorted,anti-conservative
GSE85847,GSE85847_matrix_rnaseq_GEO_submission_jsantos20160817.txt.gz,anti-conservative
GSE86211,GSE86211_CmrA_transcriptome_Expression_of_all_genes.xlsx-sheet-PA14vsPJ01,anti-conservative
GSE86211,GSE86211_CmrA_transcriptome_Expression_of_all_genes.xlsx-sheet-PJ01vsPJ01dT,anti-conservative
GSE87398,GSE87398_gene_exp.diff.gz,anti-conservative
GSE87398,GSE87398_genes_group_exp.diff.gz,anti-conservative
GSE87706,GSE87706_SM_vs_RODI.txt.gz,anti-conservative
GSE89004,GSE89004_ppGpp0_vs_H78_differential_all.xls.gz,anti-conservative
GSE90889,GSE90889_geo_hiPSC-RPE_Vehicle_vs_NAM.xlsx,anti-conservative
GSE90977,GSE90977_RNA_seq_COMPLETE_4_4_SETS_DEFINITIVE.xlsx.gz-sheet-120 dpi,anti-conservative
GSE90977,GSE90977_RNA_seq_COMPLETE_4_4_SETS_DEFINITIVE.xlsx.gz-sheet-180 dpi,anti-conservative
GSE90977,GSE90977_RNA-seq_COMPLETE_4Con-4CJD_SETS_DEFINITIVE_log2FC_0.5.xlsx.gz-sheet-120 dpi,anti-conservative
GSE90977,GSE90977_RNA-seq_COMPLETE_4Con-4CJD_SETS_DEFINITIVE_log2FC_0.5.xlsx.gz-sheet-180 dpi,anti-conservative
GSE94512,GSE94512_NaPi_vs_Lys.txt.gz,anti-conservative
GSE96999,GSE96999_DESeq2_miseq_output.txt.gz,anti-conservative
GSE96999,GSE96999_DESeq2_nextseq_output.txt.gz,anti-conservative
GSE98526,GSE98526_A1_vs_UA159T5.txt.gz,anti-conservative
GSE98526,GSE98526_A12_vs_UA159T5.txt.gz,anti-conservative
GSE98526,GSE98526_UA159T5_vs_UA159T0.txt.gz,anti-conservative
GSE99096,GSE99096_Yang_Processed_data_Oxidative_Stress.xlsx,anti-conservative
GSE29992,GSE29992_Het1_KO2_expr.txt.gz,bimodal
GSE33736,GSE33736_HAmCqG0_G8expression.txt.gz,bimodal
GSE33782,GSE33782_isoform_exp.diff.txt.gz,bimodal
GSE34097,GSE34097_aff3_genes_cufflinks.txt.gz,bimodal
GSE34097,GSE34097_aff4_genes_cufflinks.txt.gz,bimodal
GSE36005,GSE36005_sus_gene.diff.gz,bimodal
GSE36695,GSE36695_H1KSR_H1SFM.txt.gz,bimodal
GSE36695,GSE36695_H9KSR_H9SFM.txt.gz,bimodal
GSE37703,GSE37703_hiseq_cuffdiff_cds_exp.diff.gz,bimodal
GSE37703,GSE37703_hiseq_cuffdiff_gene_exp.diff.gz,bimodal
GSE37703,GSE37703_hiseq_cuffdiff_tss_group_exp.diff.gz,bimodal
GSE37703,GSE37703_miseq_cuffdiff_gene_exp.diff.gz,bimodal
GSE38413,GSE38413_Maize_Pericarp_14DAP_mRNA-Seq_gene_exp.diff.gz,bimodal
GSE38413,GSE38413_Maize_Pericarp_25DAP_mRNA-Seq_gene_exp.diff.gz,bimodal
GSE38414,GSE38414_Maize_Silks_mRNA-Seq_gene_exp.diff.gz,bimodal
GSE39652,GSE39652_20111201c2Day3_gene_exp.txt.gz,bimodal
GSE39652,GSE39652_20111201c2Pach_gene_exp.txt.gz,bimodal
GSE40228,GSE40228_gene_exp.diff.txt.gz,bimodal
GSE41487,GSE41487_ResultsContr123vsRas12Multiple.xls.gz-sheet-RawData Contr123 vs Ras12,bimodal
GSE41908,GSE41908_E11.5_E13.5f_cuffdiff1.2.txt.gz,bimodal
GSE41908,GSE41908_E11.5_E13.5m_cuffdiff1.2.txt.gz,bimodal
GSE41908,GSE41908_E9.5_E11.5_cuffdiff1.2.txt.gz,bimodal
GSE42381,GSE42381_gene_exp.diff.gz,bimodal
GSE42443,GSE42443_Brg1cKO_gene_exp.diff.gz,bimodal
GSE43431,GSE43431_mRNA_STHdh_CUFF_gene_exp.diff.txt.gz,bimodal
GSE43660,GSE43660_control_vs_il33_1hr.txt.gz,bimodal
GSE43660,GSE43660_control_vs_il33_4hr.txt.gz,bimodal
GSE43660,GSE43660_control_vs_IL4_1hr.txt.gz,bimodal
GSE43660,GSE43660_control_vs_IL4_4hr.txt.gz,bimodal
GSE47062,GSE47062_KO_vs_WT.txt.gz,bimodal
GSE48230,GSE48230_PC3-EMT14_v_PC3-EMT14-OVOL2_gene_exp.diff.txt.gz,bimodal
GSE48230,GSE48230_PC3-EMT14_v_PC3-EMT14-OVOL2_isoform_exp.diff.txt.gz,bimodal
GSE48230,GSE48230_PC3-EMT14_v_PC3-Epi_gene_exp.diff.txt.gz,bimodal
GSE48230,GSE48230_PC3-EMT14_v_PC3-Epi_isoform_exp.diff.txt.gz,bimodal
GSE49097,GSE49097_Within_B_gene_exp.diff.gz,bimodal
GSE49147,GSE49147_ESC_KO_vs_WT.txt.gz,bimodal
GSE49389,GSE49389_RNAseq_gene_exp.txt.gz,bimodal
GSE50068,GSE50068_Cuffdiff_output.txt.gz,bimodal
GSE51119,GSE51119_bHLH159KD_vs_Col_gene_exp.diff.txt.gz,bimodal
GSE51119,GSE51119_bHLH159ox_vs_Col_gene_exp.diff.txt.gz,bimodal
GSE51119,GSE51119_IBH1KD_vs_Col_gene_exp.diff.txt.gz,bimodal
GSE51119,GSE51119_IBH1ox_vs_Col_gene_exp.diff.txt.gz,bimodal
GSE51975,GSE51975_C_v_OVOL1_2_gene_exp.diff.gz,bimodal
GSE51975,GSE51975_C_v_OVOL1_2_isoform_exp.diff.gz,bimodal
GSE51975,GSE51975_C_v_OVOL1_gene_exp.diff.gz,bimodal
GSE51975,GSE51975_C_v_OVOL1_isoform_exp.diff.gz,bimodal
GSE51975,GSE51975_C_v_OVOL2_gene_exp.diff.gz,bimodal
GSE51975,GSE51975_C_v_OVOL2_isoform_exp.diff.gz,bimodal
GSE52038,GSE52038_Supplementary-table-1-date11021.txt.gz,bimodal
GSE52284,GSE52284_gene_exp.diff.gz,bimodal
GSE52385,GSE52385_siCtrl_VS_siSRA_assemblenewgenes.txt.gz,bimodal
GSE52385,GSE52385_siCtrl_VS_siSRA_notassemblenewgenes.txt.gz,bimodal
GSE53040,GSE53040_wtDMSOvswtTX34.txt.gz,bimodal
GSE53599,GSE53599_D5-1322_vs_RLuc-713_48hrs.txt.gz,bimodal
GSE53599,GSE53599_D5-2086_vs_RLuc-713_48hrs.txt.gz,bimodal
GSE53976,GSE53976_gene_exp.diff.txt.gz,bimodal
GSE54246,GSE54246_Control_vs._4_NQO_Tongue_gene_exp.xlsx.gz,bimodal
GSE54286,GSE54286_Lys_sup_pelle_rs_mvhip_Exp.txt.gz,bimodal
GSE54473,GSE54473_Suv420_gene_exp.xlsx.gz-sheet-gene_exp,bimodal
GSE55090,GSE55090_cds_exp.diff.txt.gz,bimodal
GSE55090,GSE55090_gene_exp.diff.txt.gz,bimodal
GSE55090,GSE55090_isoform_exp.diff.txt.gz,bimodal
GSE55090,GSE55090_tss_group_exp.diff.txt.gz,bimodal
GSE55596,GSE55596_LOLOdiff_nonovel.txt.gz,bimodal
GSE58052,GSE58052_N.winogradskyi_co-culture_over_single-culture.txt.gz,bimodal
GSE58082,GSE58082_gene_exp.diff.txt.gz,bimodal
GSE58326,GSE58326_gene_exp.txt.gz,bimodal
GSE58359,GSE58359_HOXA9.txt.gz,bimodal
GSE58379,GSE58379_RBM47_alternative_splicing.txt.gz,bimodal
GSE58405,GSE58405_gene_exp.diff.gz,bimodal
GSE58405,GSE58405_isoform_exp.diff.gz,bimodal
GSE58467,GSE58467_FPKM.txt.gz,bimodal
GSE59017,GSE59017_gene_exp.diff.gz,bimodal
GSE59020,GSE59020_U0126_gene_exp_all.diff.gz,bimodal
GSE59290,GSE59290_MIR_isoform_exp.diff.txt.gz,bimodal
GSE59621,GSE59621_gene_exp.diff.txt.gz,bimodal
GSE60171,GSE60171_cuffdiff.FGF-1day.vs.iBET-1day.txt.gz,bimodal
GSE60171,GSE60171_cuffdiff.FGF-5days.vs.iBET-5days.txt.gz,bimodal
GSE60641,GSE60641_AB03_2.xlsx.gz,bimodal
GSE61351,GSE61351_Cont_ComparedTo_PTH_D28_CuffDiffAnalysis1.xls.gz,bimodal
GSE61566,GSE61566_cds_exp.diff.gz,bimodal
GSE61690,GSE61690_DormantvsNondormant_meristems.txt.gz,bimodal
GSE62200,GSE62200_Table_S4.xls.gz-sheet-Table S4,bimodal
GSE62760,GSE62760_Acute_Cuffdiff_DGE.txt.gz,bimodal
GSE62760,GSE62760_Chronic_Cuffdiff_DGE.txt.gz,bimodal
GSE62909,GSE62909_Differential_gene_exp.diff.gz,bimodal
GSE63758,GSE63758_gene_exp.diff.gz,bimodal
GSE63810,GSE63810_BCKO_RNASeq_Data.xlsx-sheet-GenesDiffExp,bimodal
GSE64854,GSE64854_promoters.diff.gz,bimodal
GSE64854,GSE64854_splicing.diff.gz,bimodal
GSE65022,GSE65022_cuffdiff-WT_CD_gene_exp.diff.gz,bimodal
GSE65024,GSE65024_WT-bhlh_gene_exp.diff.gz,bimodal
GSE65072,GSE65072_DESeq_plusDOX_minusDOX.xlsx,bimodal
GSE65542,GSE65542_pnky_kd.diff.gz,bimodal
GSE65542,GSE65542_ptbp1_kd.diff.gz,bimodal
GSE66158,GSE66158_all_genes_FPKM.txt.gz,bimodal
GSE66478,GSE66478_gene_exp.txt.gz,bimodal
GSE66506,GSE66506_DE_analysis_010714.xlsx-sheet-All_Genes,bimodal
GSE66619,GSE66619_Dorsal_Cord_Ipsi_vs_Con_mrna_gene_exp.diff.txt.gz,bimodal
GSE66619,GSE66619_DRG_Con_vs_Ips_mrna_gene_exp.diff.txt.gz,bimodal
GSE66652,GSE66652_AS13-C_differential_expression.txt.gz,bimodal
GSE66652,GSE66652_S4-C_differential_expression.txt.gz,bimodal
GSE67029,GSE67029_cuffdiff_mh_h8.txt.gz,bimodal
GSE67063,GSE67063_gene_exp.diff.gz,bimodal
GSE67554,GSE67554_TAG5_Cuffdiff_gene_differential_expression_testing.txt.gz,bimodal
GSE67554,GSE67554_ZG14_Cuffdiff_gene_differential_expression_testing.txt.gz,bimodal
GSE68160,GSE68160_GRdim-RNASeq.xlsx,bimodal
GSE69556,GSE69556_cds_exp.diff.gz,bimodal
GSE69900,GSE69900_control-CBD16H.txt.gz,bimodal
GSE69900,GSE69900_control-tamoxifen48H.txt.gz,bimodal
GSE70314,GSE70314_Gal474_cuffdiff_sictrl.1_siAtad2.1_gene_differential_expression_testing.txt.gz,bimodal
GSE70314,GSE70314_Gal476_cuffdiff_sictrl.1_siAtad2.1_transcript_differential_expression_testing.txt.gz,bimodal
GSE70314,GSE70314_Gal485_cuffdiff_sictrl.2_siAtad2.2_gene_differential_expression_testing.txt.gz,bimodal
GSE70314,GSE70314_Gal487_cuffdiff_sictrl.2_siAtad2.2_transcript_differential_expression_testing.txt.gz,bimodal
GSE70584,GSE70584_Liberman2015_sorted_CUFFLINKS_gene_exp.txt.gz,bimodal
GSE70815,GSE70815_gene_exp.diff.gz,bimodal
GSE71252,GSE71252_Akdogan_RNASeq_Cuffdiff_JUL232015.xlsx-sheet-geneExpDiffData,bimodal
GSE71252,GSE71252_Akdogan_RNASeq_Cuffdiff_JUL232015.xlsx-sheet-isoformExpDiffData,bimodal
GSE71943,GSE71943_KO_vs_WT_diffGenes.txt.gz,bimodal
GSE72105,GSE72105_Differential_Gene_Expression_Summary_D6.txt.gz,bimodal
GSE72830,GSE72830_gene_exp.diff.gz,bimodal
GSE73082,GSE73082_F_Sp5_PlusversusMinusDOX_ProcessedFiles.txt.gz,bimodal
GSE73083,GSE73083_3F_Lef1_PlusversusMinusDOX_ProcessedFiles.txt.gz,bimodal
GSE73972,GSE73972_atxvsWT_gene_exp_diff.txt.gz,bimodal
GSE74381,GSE74381_gene_exp_control2vsZeb2cKO2diff.xlsx,bimodal
GSE74886,GSE74886_processedFPKMS.xlsx,bimodal
GSE75640,GSE75640_HR1_vs_control_1_gene_exp.diff.gz,bimodal
GSE75640,GSE75640_HR2_vs_control_2_gene_exp.diff.gz,bimodal
GSE75878,GSE75878_splicing.diff.gz,bimodal
GSE76287,GSE76287_seedling_col0vdko_tair.txt.gz,bimodal
GSE76868,GSE76868_Table_S1_RNA-seq.xlsx,bimodal
GSE76992,GSE76992_GFP_vs_p16.txt.gz,bimodal
GSE77037,GSE77037_gene_exp.diff.gz,bimodal
GSE77256,GSE77256_Cuffdiff_all_HFSCs.txt.gz,bimodal
GSE77256,GSE77256_Cuffdiff_Anagen_HFSCs.txt.gz,bimodal
GSE77398,GSE77398_ribo_cuffdiff_genes.xls.gz,bimodal
GSE77675,GSE77675_Old_vs_Young_isoforms_expression.txt.gz,bimodal
GSE78506,GSE78506_dmso_vs_ca_24Hour_geneExp.diff.gz,bimodal
GSE78711,GSE78711_gene.exp.all.txt.gz,bimodal
GSE78834,GSE78834_gene_expression_profiles.txt.gz,bimodal
GSE78996,GSE78996_CTR_vs_EAE_Cuffdiff_analysis.xlsx,bimodal
GSE79286,GSE79286_CYC2vsWT_Conj-2.5hr_RNA-Seq.xlsx-sheet-gene_exp,bimodal
GSE79286,GSE79286_CYC2vsWT_Conj-2hr_RNA-Seq.xlsx-sheet-C2vWT-2hr genes,bimodal
GSE79286,GSE79286_CYC2vsWT_Conj-3.5hr_RNA-Seq.xlsx-sheet-gene_exp,bimodal
GSE79286,GSE79286_CYC2vsWT_Conj-3hr_RNA-Seq.xlsx,bimodal
GSE79507,GSE79507_minipig.txt.gz,bimodal
GSE80068,GSE80068_col_dms3_gene_exp.diff.gz,bimodal
GSE80068,GSE80068_col_h2h9_gene_exp.diff.gz,bimodal
GSE80068,GSE80068_col_nrpe1_gene_exp.diff.gz,bimodal
GSE80718,GSE80718_gene_exp.diff.gz,bimodal
GSE81100,GSE81100_old_ARSER_output.txt.gz,bimodal
GSE81100,GSE81100_youngARSER_output.txt.gz,bimodal
GSE83717,GSE83717_FPKMs_pvalue_matrices.txt.gz,bimodal
GSE83819,GSE83819_gene_exp.diff.gz,bimodal
GSE83827,GSE83827_WT_vs_tf5.xlsx-sheet-gene_exp_diff,bimodal
GSE83828,GSE83828_Gene_expression_data.xlsx,bimodal
GSE83887,GSE83887_gene_exp_Hyl-2_vs_Hyl-2-G.diff.gz,bimodal
GSE83887,GSE83887_gene_exp_N2_vs_Hyl-2.diff.gz,bimodal
GSE83887,GSE83887_gene_exp_N2_vs_N2G.diff.gz,bimodal
GSE84145,GSE84145_E12.5RET_WT_NULL.txt.gz,bimodal
GSE84450,GSE84450_WT_UTvsWT_DTT_splicing.diff.gz,bimodal
GSE84529,GSE84529_Paired_comparison_of_three_sections_Cuffdiff.xlsx-sheet-Comparison_0-5_mm_vs_15-20_mm,bimodal
GSE84529,GSE84529_Paired_comparison_of_three_sections_Cuffdiff.xlsx-sheet-Comparison_0-5_mm_vs_30-35_mm,bimodal
GSE84606,GSE84606_gene_exp.diff.gz,bimodal
GSE85321,GSE85321_Supplemental_Table_2_YAD_RNA_seq_.xls.gz-sheet-YAD_Diff analysis,bimodal
GSE85321,GSE85321_Supplemental_Table_3_YGD_RNA_seq_.xls.gz-sheet-YGD_Diff analysis,bimodal
GSE85321,GSE85321_Supplemental_Table_4_YAR_vs_YAD_RNA_seq_.xls.gz-sheet-EV_YAD_YAR_isoformexp,bimodal
GSE85321,GSE85321_Supplemental_Table_5_YAR_RNA_seq_.xls.gz-sheet-YAR diff. analysis,bimodal
GSE85321,GSE85321_Supplemental_Table_7_JHD2_OE_YAR_.xls.gz-sheet-OE_EV_YAR_Diff analysis,bimodal
GSE86187,GSE86187_p6wt-ko_gene_exp.diff.gz,bimodal
GSE86239,GSE86239_ETS2shRNA_gene_exp.diff.gz,bimodal
GSE87307,GSE87307_mRNA_processed_results.xlsx,bimodal
GSE87824,GSE87824_processed_data.xlsx,bimodal
GSE91001,GSE91001_Galaxy255-AveragedPerCRNAseqData.tabular.txt.gz,bimodal
GSE91001,GSE91001_PerC_RNAseq_averageddata.xls.gz-sheet-diffexp_rerun,bimodal
GSE91060,GSE91060_E11_vs._E16.xls.gz,bimodal
GSE91060,GSE91060_E11_vs._P1.xlsx,bimodal
GSE91060,GSE91060_E16_vs._P1.xlsx,bimodal
GSE92246,GSE92246_gene_exp.diff.gz,bimodal
GSE92874,GSE92874_RNA.txt.gz,bimodal
GSE94120,GSE94120_U2OS-PcTF_rel_abundance_1x3.txt.gz,bimodal
GSE96072,GSE96072_Galaxy106-_Cuffdiff_on_data_40__data_39__and_others_transcript_differential_expression_testing_.tabular.txt.gz,bimodal
GSE96072,GSE96072_Galaxy24-_Cuffdiff_on_data_7__data_6__and_others_transcript_differential_expression_testing_.tabular.txt.gz,bimodal
GSE96072,GSE96072_Galaxy55-_Cuffdiff_on_data_2__data_4__and_others_transcript_differential_expression_testing_.tabular.txt.gz,bimodal
GSE97129,GSE97129_Can_vs_WT_CuffDiff_Output_BDGP5.txt.gz,bimodal
GSE97129,GSE97129_Comr_vs_WT_CuffDiff_Output_BDGP5.txt.gz,bimodal
GSE97129,GSE97129_Mip40_vs_WT_CuffDiff_Output_BDGP5.txt.gz,bimodal
GSE97258,GSE97258_differential_expression.xls.gz-sheet-Sheet1,bimodal
GSE32038,GSE32038_cds_exp.diff.gz,conservative
GSE32038,GSE32038_gene_exp.diff.gz,conservative
GSE32038,GSE32038_isoform_exp.diff.gz,conservative
GSE32038,GSE32038_tss_group_exp.diff.gz,conservative
GSE33265,GSE33265_gene_exp.diff.gz,conservative
GSE33265,GSE33265_isoform_exp.diff.gz,conservative
GSE33782,GSE33782_gene_exp.diff.txt.gz,conservative
GSE34097,GSE34097_aff2_genes_cufflinks.txt.gz,conservative
GSE34329,GSE34329_processed_RNAseq_N_way_cuffdiff_combined_replicates_NIvIvPAvPS1145.diff.gz,conservative
GSE35178,GSE35178_gene_exp.diff.gz,conservative
GSE35178,GSE35178_isoform_exp.diff.gz,conservative
GSE36005,GSE36005_emo_gene.diff.gz,conservative
GSE36005,GSE36005_res_gene.diff.gz,conservative
GSE36695,GSE36695_H1H9KSR_hfSFM.txt.gz,conservative
GSE36695,GSE36695_H1H9KSR_SFM.txt.gz,conservative
GSE36695,GSE36695_H1SFM_H9SFM.txt.gz,conservative
GSE36695,GSE36695_H1SFM_hfSFM.txt.gz,conservative
GSE36695,GSE36695_H9KSR_hfSFM.txt.gz,conservative
GSE36695,GSE36695_H9SFM_hfSFM.txt.gz,conservative
GSE36710,GSE36710_RBFOX1_Splicing_Events.txt.gz,conservative
GSE36866,GSE36866_gene_exp.diff.gz,conservative
GSE37703,GSE37703_hiseq_cuffdiff_cds.diff.gz,conservative
GSE37703,GSE37703_hiseq_cuffdiff_isoform_exp.diff.gz,conservative
GSE37703,GSE37703_hiseq_cuffdiff_promoters.diff.gz,conservative
GSE37703,GSE37703_hiseq_cuffdiff_splicing.diff.gz,conservative
GSE37703,GSE37703_miseq_cuffdiff_cds_exp.diff.gz,conservative
GSE37703,GSE37703_miseq_cuffdiff_cds.diff.gz,conservative
GSE37703,GSE37703_miseq_cuffdiff_isoform_exp.diff.gz,conservative
GSE37703,GSE37703_miseq_cuffdiff_promoters.diff.gz,conservative
GSE37703,GSE37703_miseq_cuffdiff_splicing.diff.gz,conservative
GSE37703,GSE37703_miseq_cuffdiff_tss_group_exp.diff.gz,conservative
GSE39652,GSE39652_20111201c2LZ_gene_exp.txt.gz,conservative
GSE39652,GSE39652_20111201c2PreMeiotic_gene_exp.txt.gz,conservative
GSE40187,GSE40187_gene_exp_diff_Control_NXD30001_fromtophat120_cufflinks102_c0_081612.txt.gz,conservative
GSE40187,GSE40187_gene_exp_diff_MG1_MG2_fromtophat120_cufflinks102_c0_081612.txt.gz,conservative
GSE40548,GSE40548_gene_exp.diff.gz,conservative
GSE41090,GSE41090_WT_vs_KO_full_genes.tab.txt.gz,conservative
GSE41487,GSE41487_ResultsContr123vsRas123Multiple.xls.gz-sheet-RawData Contr123 vs Ras123,conservative
GSE42805,GSE42805_acute_gene.diff.gz,conservative
GSE42805,GSE42805_cds_exp.diff.gz,conservative
GSE42805,GSE42805_cds.diff.gz,conservative
GSE42805,GSE42805_gene_exp.diff.gz,conservative
GSE42805,GSE42805_isoform_exp.diff.gz,conservative
GSE42805,GSE42805_promoters.diff.gz,conservative
GSE42805,GSE42805_splicing.diff.gz,conservative
GSE42805,GSE42805_tss_group_exp.diff.gz,conservative
GSE44665,GSE44665_gene_exp.diff.txt.gz,conservative
GSE44668,GSE44668_gene_exp_diff.txt.gz,conservative
GSE46502,GSE46502_diff_gene_exp_PR_all.xlsx.gz-sheet-gene_exp.diff,conservative
GSE47095,GSE47095_splicing_diff.txt.gz,conservative
GSE47395,GSE47395_gene_exp.diff.anno.known.csv.gz,conservative
GSE47399,GSE47399_diff_exp_gene_exp.diff.txt.gz,conservative
GSE48230,GSE48230_PC3-EMT14_v_PC3-EMT14-OVOL1_gene_exp.diff.txt.gz,conservative
GSE48230,GSE48230_PC3-EMT14_v_PC3-EMT14-OVOL1_isoform_exp.diff.txt.gz,conservative
GSE48230,GSE48230_PC3-EMT14-OVOL1_v_PC3-EMT14-OVOL2_gene_exp.diff.txt.gz,conservative
GSE48230,GSE48230_PC3-EMT14-OVOL1_v_PC3-EMT14-OVOL2_isoform_exp.diff.txt.gz,conservative
GSE49097,GSE49097_BetweenGenotypes_gene_exp.diff.gz,conservative
GSE49097,GSE49097_CompareAll_gene_exp.diff.gz,conservative
GSE49097,GSE49097_Within_A_gene_exp.diff.gz,conservative
GSE49097,GSE49097_Within_WT_gene_exp.diff.gz,conservative
GSE49147,GSE49147_iPS_PF1_vs_PF2.txt.gz,conservative
GSE49147,GSE49147_iPS_TTF1_vs_TTF2.txt.gz,conservative
GSE49313,GSE49313_DRRi_GFPi_cds_exp.diff.txt.gz,conservative
GSE49313,GSE49313_PhanDRR1.2_PhanGFP_cds_exp.diff.txt.gz,conservative
GSE49843,GSE49843_gene_exp.diff_22345-22353.txt.gz,conservative
GSE50156,GSE50156_mas5D_AND_WT_24oC.txt.gz,conservative
GSE50156,GSE50156_nmt1-hsf1_MMThi-_AND_WT_MMThi-.txt.gz,conservative
GSE50156,GSE50156_ssa2D_AND_WT_24oC.txt.gz,conservative
GSE50156,GSE50156_WT_36oC_15min_AND_WT_24oC.txt.gz,conservative
GSE50203,GSE50203_gene_exp.diff.gz,conservative
GSE50203,GSE50203_isoform_exp.diff.gz,conservative
GSE50424,GSE50424_Adipose.tsv.gz,conservative
GSE50424,GSE50424_Liver.tsv.gz,conservative
GSE50554,GSE50554_Routine_gene.diff.gz,conservative
GSE50554,GSE50554_Routine_isoform.diff.gz,conservative
GSE50554,GSE50554_Stringent_gene.diff.gz,conservative
GSE50554,GSE50554_Stringent_isoform.diff.gz,conservative
GSE50557,GSE50557_rnaseq-lbl1-Cuffdiff_gene_expression.txt.gz,conservative
GSE50739,GSE50739_gene_exp.diff.txt.gz,conservative
GSE51847,GSE51847_Expression_table_LE-2_x_HR-3.txt.gz,conservative
GSE51893,GSE51893_wt_v_MZeomesa-sphere_gene_exp.txt.gz,conservative
GSE52201,GSE52201_RNAseq_processed_data_L_D_siLSD1.txt.gz,conservative
GSE52367,GSE52367_Cuflinks_2338_2339.txt.gz,conservative
GSE52450,GSE52450_Cuffdiff_on_pre-pro-B_and_pro-B_aligned_reads_transcript_differential_expression_testing_Bv46.txt.gz,conservative
GSE52502,GSE52502_gene_exp.diff.gz,conservative
GSE52911,GSE52911_gene_exp.txt.gz,conservative
GSE53040,GSE53040_wtDMSOvswtTX129.txt.gz,conservative
GSE53470,GSE53470_gene_exp_P251_PCJ_3rep_combined.diff.gz,conservative
GSE53470,GSE53470_gene_exp_P251_PJD_3rep_combined.diff.gz,conservative
GSE53599,GSE53599_D5-1322_vs_RLuc-713_24hrs.txt.gz,conservative
GSE53599,GSE53599_D5-2086_vs_RLuc-713_24hrs.txt.gz,conservative
GSE53653,GSE53653_st10.5_Foxh1_MO_gene_exp_diff.txt.gz,conservative
GSE53653,GSE53653_st10.5_SB431542_gene_exp_diff.txt.gz,conservative
GSE53789,GSE53789_gene_exp.diff.txt.gz,conservative
GSE53789,GSE53789_GFP_FACS_x_GFP_LCM-not_significant.diff.txt.gz,conservative
GSE53789,GSE53789_GFP_FACS_x_WT_FACS-not_significant.diff.txt.gz,conservative
GSE53789,GSE53789_GFP_LCM_x_GFP_FACS-not_significant.diff.txt.gz,conservative
GSE53789,GSE53789_GFP_LCM_x_WT_FACS-not_significant.diff.txt.gz,conservative
GSE53789,GSE53789_WT_FACS_x_GFP_FACS-not_significant.diff.txt.gz,conservative
GSE53789,GSE53789_WT_FACS_x_GFP_LCM-not_significant.diff.txt.gz,conservative
GSE54433,GSE54433_gene_exp.diff.txt.gz,conservative
GSE54641,GSE54641_cuffdiff2_gene_exp.diff.txt.gz,conservative
GSE54982,GSE54982_Differential_Gene_Expression_Summary.xlsx.gz-sheet-C1_WtE8.0_Vs_Wt10.0,conservative
GSE54982,GSE54982_Differential_Gene_Expression_Summary.xlsx.gz-sheet-C2_Wt_VS_ Tc E8.0,conservative
GSE54982,GSE54982_Differential_Gene_Expression_Summary.xlsx.gz-sheet-C3_Wt_VS_Tc_E10.0,conservative
GSE54982,GSE54982_Differential_Gene_Expression_Summary.xlsx.gz-sheet-C4_TcE8.0_VS_TcE10.0,conservative
GSE54984,GSE54984_Differential_Gene_Expression_Summary.xlsx.gz-sheet-EBDay4_ControlVSBrachyuryKD,conservative
GSE54984,GSE54984_Differential_Gene_Expression_Summary.xlsx.gz-sheet-ESCs_VS_EBDay4,conservative
GSE55394,GSE55394_gene_exp.diff.txt.gz,conservative
GSE55596,GSE55596_alldiff_nonovel.txt.gz,conservative
GSE56052,GSE56052_gene_exp.diff.gz,conservative
GSE56097,GSE56097_Cufflinks_CuffDiff_gene_exp.txt.gz,conservative
GSE56122,GSE56122_IFN-gene_exp.diff.gz,conservative
GSE56122,GSE56122_LPS-gene_exp.diff.gz,conservative
GSE56284,GSE56284_gene_exp.txt.gz,conservative
GSE56575,GSE56575_cds_exp.diff.txt.gz,conservative
GSE56966,GSE56966_IL6Ra_WT.xlsx.gz-sheet-gene_notest,conservative
GSE56966,GSE56966_MyD88_WT.xlsx.gz-sheet-gene_notest,conservative
GSE57227,GSE57227_PHH_GW_vs_DMSO_RNA_seq_gene_exp.diff.gz,conservative
GSE57396,GSE57396_Cuttdiff_cds_exp.diff.txt.gz,conservative
GSE57517,GSE57517_gene_exp.diff.gz,conservative
GSE57680,GSE57680_RPKM_luminal_epithelium.txt.gz,conservative
GSE57680,GSE57680_RPKM_stroma.txt.gz,conservative
GSE57682,GSE57682_Id2_3_Treg_G42_Cuffdiff.txt.gz,conservative
GSE58360,GSE58360_Cebpa.txt.gz,conservative
GSE59017,GSE59017_isoform_exp.diff.gz,conservative
GSE59020,GSE59020_ETS1_gene_exp_all.diff.gz,conservative
GSE59290,GSE59290_ANTI_isoform_exp.diff.txt.gz,conservative
GSE59481,GSE59481_PIG_vs_GFP_DE_genes.txt.gz,conservative
GSE59781,GSE59781_gene_exp.diff.gz,conservative
GSE59850,GSE59850_redgrn_early_cuffdiff_out.diff.txt.gz,conservative
GSE59850,GSE59850_redgrn_late_cuffdiff_out.diff.txt.gz,conservative
GSE59850,GSE59850_redrho_late_cuffdiff_out.diff.txt.gz,conservative
GSE59850,GSE59850_redvio_late_cuffdiff_out.diff.txt.gz,conservative
GSE59850,GSE59850_rhogrn_early_cuffdiff_out.diff.txt.gz,conservative
GSE60441,GSE60441_gene_exp.diff.gz,conservative
GSE60630,GSE60630_PDC3_vs_DMSO_gene_exp.diff.gz,conservative
GSE60630,GSE60630_PDC3_vs_DMSO_isoform_exp.diff.gz,conservative
GSE60630,GSE60630_PDC3_vs_DMSO_splicing.diff.gz,conservative
GSE60691,GSE60691_processed_data_aso_wild_type.txt.gz,conservative
GSE60691,GSE60691_processed_data_krkr_sumo_mut.txt.gz,conservative
GSE60822,GSE60822_cuffdiff.control.ablation.tab.gz,conservative
GSE60822,GSE60822_cuffdiff.control.induction.tab.gz,conservative
GSE60822,GSE60822_cuffdiff.induction.ablation.tab.gz,conservative
GSE61202,GSE61202_NICvsMOdifferential_expression.txt.gz,conservative
GSE61238,GSE61238_gene_exp.diff.gz,conservative
GSE61566,GSE61566_cds.diff.gz,conservative
GSE61566,GSE61566_gene_exp.diff.gz,conservative
GSE61566,GSE61566_isoform_exp.diff.gz,conservative
GSE61566,GSE61566_promoters.diff.gz,conservative
GSE61566,GSE61566_splicing.diff.gz,conservative
GSE61566,GSE61566_tss_group_exp.diff.gz,conservative
GSE61733,GSE61733_gene_exp.diff.gz,conservative
GSE61796,GSE61796_NG_Induced_transcript_changes.txt.gz,conservative
GSE61845,GSE61845_gene_exp.diff.txt.gz,conservative
GSE61969,GSE61969_gene_exp.diff.gz,conservative
GSE62200,GSE62200_Table_S4.xls.gz-sheet-Table S5 N2Y6-E VS LYP9-E,conservative
GSE62633,GSE62633_Differential_expression_table.txt.gz,conservative
GSE62647,GSE62647_Setd8_differential_expression_analyses.txt.gz,conservative
GSE62668,GSE62668_Embryo.txt.gz,conservative
GSE62668,GSE62668_Sperm.txt.gz,conservative
GSE63133,GSE63133_D.rerio_SVCV_infected__24K__vs_control__0K_.txt.gz,conservative
GSE63133,GSE63133_D.rerio_SVCV_infected__24S__vs_control__0S_.txt.gz,conservative
GSE63133,GSE63133_D.rerio_SVCV_infected__6K__vs_control__0K_.txt.gz,conservative
GSE63133,GSE63133_D.rerio_SVCV_infected__6S__vs_control__0S_.txt.gz,conservative
GSE63161,GSE63161_diff-Gene-list.txt.gz,conservative
GSE63226,GSE63226_WRR+vsWRR-.xls.gz,conservative
GSE63300,GSE63300_gene_exp.diff.txt.gz,conservative
GSE63485,GSE63485_KS_J1Csh63_vs_KS_CTRL.two_replicates.all_gene_exp.tbl.txt.gz,conservative
GSE63485,GSE63485_KS_J1Csh95_vs_KS_CTRL.two_replicates.all_gene_exp.tbl.txt.gz,conservative
GSE63485,GSE63485_shAML1_ETO_vs_shControl.all_gene_exp.tbl.txt.gz,conservative
GSE63555,GSE63555_Ago2_immunoprecipitation_cuffdiff_fpkm.txt.gz,conservative
GSE63555,GSE63555_Gene_expression_cuffdiff_fpkm.txt.gz,conservative
GSE63748,GSE63748_exp_7d4h_diff.txt.gz,conservative
GSE63794,GSE63794_gene_exp.diff.gz,conservative
GSE63838,GSE63838_cds_exp_diff_2D.txt.gz,conservative
GSE63889,GSE63889_Diff_0U_120U_gene_exp.diff.gz,conservative
GSE63889,GSE63889_Diff_120U_120C_gene_exp.diff.gz,conservative
GSE64025,GSE64025_gene_exp.diff.gz,conservative
GSE64185,GSE64185_gene_exp.diff.gz,conservative
GSE64455,GSE64455_cuffdiff_out.txt.gz,conservative
GSE64544,GSE64544_LV_processed.txt.gz,conservative
GSE64544,GSE64544_MV_processed.txt.gz,conservative
GSE64641,GSE64641_leaf_gene_exp.diff.txt.gz,conservative
GSE64641,GSE64641_seedling_gene_exp.diff.txt.gz,conservative
GSE64687,GSE64687_FPKM_and_differential_expression_for_mRNA.txt.gz,conservative
GSE64757,GSE64757_All_FPKMs_GEO.csv.gz,conservative
GSE64840,GSE64840_2N_Ts65Dn_MEFs.gene_exp.diff.gz,conservative
GSE64854,GSE64854_cds_exp.diff.gz,conservative
GSE64854,GSE64854_cds.diff.gz,conservative
GSE64854,GSE64854_gene_exp.diff.gz,conservative
GSE64854,GSE64854_isoform_exp.diff.gz,conservative
GSE64854,GSE64854_tss_group_exp.diff.gz,conservative
GSE65025,GSE65025_WT-HSF_gene_exp.diff.gz,conservative
GSE65039,GSE65039_gene_exp1.txt.gz,conservative
GSE65408,GSE65408_processed_data_file.csv.gz,conservative
GSE65697,GSE65697_RNA-seq.csv.gz,conservative
GSE65987,GSE65987_FPKM_for_MEFs.txt.gz,conservative
GSE66155,GSE66155_regulation.txt.gz,conservative
GSE66232,GSE66232_B-ALL_Cuffdiff_Trim33.1271_rep1.txt.gz,conservative
GSE66232,GSE66232_B-ALL_Cuffdiff_Trim33.1271_rep2.txt.gz,conservative
GSE66445,GSE66445_M._a.-pES1-MATmcr3_methane_vs._M.a.-pES1-MATmcr3_methanol_GEO_Processed_data.xlsx-sheet-Sheet1,conservative
GSE66478,GSE66478_isoform_exp.txt.gz,conservative
GSE66575,GSE66575_RNAseq_genes_expression.xlsx-sheet-control_vs_comparison.gene_exp,conservative
GSE66575,GSE66575_RNAseq_genes_expression.xlsx-sheet-control_vs_comparison.isoform_e,conservative
GSE66716,GSE66716_Lim_et_al_14-3-3zKOWAT_Processed_data_Cuffdiff.xlsx,conservative
GSE66767,GSE66767_CD34_cord_blood.EET.txt.gz,conservative
GSE66767,GSE66767_U937.EET.txt.gz,conservative
GSE67001,GSE67001_gene_exp.diff.gz,conservative
GSE67787,GSE67787_con_bps_wex_RNAseq_gene_exp.diff.gz,conservative
GSE68102,GSE68102_gene_exp.diff.gz,conservative
GSE68176,GSE68176_Camfl1.gene_exp.diff.gz,conservative
GSE68229,GSE68229_gene_exp.diff.gz,conservative
GSE68229,GSE68229_isoform_exp.diff.gz,conservative
GSE68360,GSE68360_cds_exp.diff.gz,conservative
GSE68360,GSE68360_cds.diff.gz,conservative
GSE68360,GSE68360_gene_exp.diff.gz,conservative
GSE68360,GSE68360_isoform_exp.diff.gz,conservative
GSE68360,GSE68360_promoters.diff.gz,conservative
GSE68360,GSE68360_splicing.diff.gz,conservative
GSE68460,GSE68460_gene_exp.xls.gz-sheet-Sheet1,conservative
GSE68460,GSE68460_WSVSBS_gene_diff.xls.gz-sheet-Sheet1,conservative
GSE68736,GSE68736_gene_exp.diff.gz,conservative
GSE68806,GSE68806_Galaxy_data_Cuffdiff.txt.gz,conservative
GSE68813,GSE68813_Woolnough2015_CuffDiff_RNA-seq.xlsx-sheet-rep1 CuffDiff Mock vs AGO2-KD,conservative
GSE68813,GSE68813_Woolnough2015_CuffDiff_RNA-seq.xlsx-sheet-rep2 CuffDiff Mock vs AGO2-KD,conservative
GSE69125,GSE69125_10408_gene_exp.diff.gz,conservative
GSE69175,GSE69175_gene_exp.txt.gz,conservative
GSE69205,GSE69205_gene_exp.txt.gz,conservative
GSE69855,GSE69855_gene_exp_ResvResVag.txt.gz,conservative
GSE69855,GSE69855_gene_exp_ResvSham.txt.gz,conservative
GSE70068,GSE70068_GM_gene_exp.diff.gz,conservative
GSE70068,GSE70068_TNF_gene_exp.diff.gz,conservative
GSE70068,GSE70068_UT_gene_exp.diff.gz,conservative
GSE70108,GSE70108_G263_CuffDiff_WTvsDDX5Tko.tabular.txt.gz,conservative
GSE70108,GSE70108_G340_CuffDiff_WTvsRORgko.tabular.txt.gz,conservative
GSE70283,GSE70283_cuffdiff_gene_exp.diff.gz,conservative
GSE70544,GSE70544_Normoxia_vs_Hypoxia_Gencode_gene_exp.diff.txt.gz,conservative
GSE70544,GSE70544_Normoxia_vs_Hypoxia_Rinn_gene_exp.diff.txt.gz,conservative
GSE70544,GSE70544_Vehicle_vs_Cytokine_Gencode_gene_exp.diff.txt.gz,conservative
GSE70544,GSE70544_Vehicle_vs_Cytokine_Rinn_gene_exp.diff.txt.gz,conservative
GSE70584,GSE70584_Liberman2015_Wholeroot_CUFFLINKS_gene_exp.txt.gz,conservative
GSE70668,GSE70668_DD_gene_exp.diff.csv.gz,conservative
GSE70699,GSE70699_gene_exp.diff.gz,conservative
GSE70711,GSE70711_IRF4hi.vs.IRF8hi.gene_exp.diff.gz,conservative
GSE70728,GSE70728_KDM2B_RNAseq_DEG.diff.gz,conservative
GSE70766,GSE70766_Differential_expression.txt.gz,conservative
GSE70785,GSE70785_gene_exp.diff.gz,conservative
GSE70806,GSE70806_rf6a_matrix.txt.gz,conservative
GSE70833,GSE70833_Rennoll_et_al_processed_data.xlsx-sheet-Cuffdiff,conservative
GSE71159,GSE71159_E3KO_vs_EfCtrl_gene_exp.diff.txt.gz,conservative
GSE71159,GSE71159_ECtrl_vs_E3KO_gene_exp.diff.txt.gz,conservative
GSE71159,GSE71159_ECtrl_vs_EfCtrl_gene_exp.diff.txt.gz,conservative
GSE71164,GSE71164_SCR-static_vs_SCR-FSS.tabular.txt.gz,conservative
GSE71164,GSE71164_SCR-static_vs_SH-EZH2-static.tabular.txt.gz,conservative
GSE71281,GSE71281_G53_veh_vs_SAA_Th17_CuffDiff_Gene_Differential.txt.gz,conservative
GSE71284,GSE71284_control_WT2_WT3_C1_C2_vs_truncation_3kb1_3kb2_100kb1_100kb2_CUFFDIFF_gene_exp.diff.gz,conservative
GSE71295,GSE71295_gene_exp.diff.gz,conservative
GSE71527,GSE71527_KO_naive_vs_KO_SNI_Sal.xlsx,conservative
GSE71527,GSE71527_KO_SNI_Sal_vs_KO_SNI_DMI.xlsx,conservative
GSE71527,GSE71527_WT_naive_vs_KO_naive.xlsx,conservative
GSE71527,GSE71527_WT_naive_vs_WT_SNI_Sal.xlsx,conservative
GSE71527,GSE71527_WT_SNI_DMI_vs_KO_SNI_DMI.xlsx,conservative
GSE71527,GSE71527_WT_SNI_Sal_vs_KO_SNI_Sal.xlsx,conservative
GSE71527,GSE71527_WT_SNI_Sal_vs_WT_SNI_DMI.xlsx,conservative
GSE72059,GSE72059_21_gene_exp.diff.txt.gz,conservative
GSE72105,GSE72105_Differential_Gene_Expression_Summary_D0.txt.gz,conservative
GSE72105,GSE72105_Differential_Gene_Expression_Summary_myotubes.txt.gz,conservative
GSE72105,GSE72105_Differential_Gene_Expression_Summary_usp10.txt.gz,conservative
GSE72172,GSE72172_S2_vs_SIN3_187.txt.gz,conservative
GSE72178,GSE72178_gene_exp.diff.txt.gz,conservative
GSE72560,GSE72560_Enteric_Glia.txt.gz,conservative
GSE72712,GSE72712_ESCd_40-70_over_ESCd_lt40.cuffdiff.xlsx-sheet-EST-d_40-70_over_EST-d_lt40,conservative
GSE72712,GSE72712_ESCd_40-70_over_ESCu.cuffdiff.xlsx-sheet-EST-d_40-70_over_EST-u.cuffdiff,conservative
GSE72712,GSE72712_ESCd_gt70_over_ESCd_40-70.cuffdiff.xlsx-sheet-EST-d_gt70_over_EST-d_40-70,conservative
GSE72712,GSE72712_ESCd_gt70_over_ESCd_lt40.cuffdiff.xlsx-sheet-EST-d_gt70_over_EST-d_lt40,conservative
GSE72712,GSE72712_ESCd_gt70_over_ESCu.cuffdiff.xlsx-sheet-EST-d_gt70_over_EST-u.cuffdiff,conservative
GSE72712,GSE72712_ESCd_lt40_over_ESCu.cuffdiff.xlsx-sheet-EST-d_lt40_over_EST-u.cuffdiff,conservative
GSE72820,GSE72820_MDA1N-1P_RPKM.xlsx.gz,conservative
GSE72820,GSE72820_MDA27N-27P_RPKM.xlsx.gz,conservative
GSE72820,GSE72820_MDA2N-2P_RPKM.xlsx.gz,conservative
GSE72820,GSE72820_MDA31N-31P_RPKM.xlsx.gz,conservative
GSE72820,GSE72820_MDA33N-33P_RPKM.xlsx.gz,conservative
GSE72820,GSE72820_MDA34N-34P_RPKM.xlsx.gz,conservative
GSE72820,GSE72820_MDA3N-3P_RPKM.xlsx.gz,conservative
GSE72830,GSE72830_tss_group_exp.diff.gz,conservative
GSE72917,GSE72917_DP1_WTvKO.txt.gz,conservative
GSE72917,GSE72917_DP2_WTvKO.txt.gz,conservative
GSE72917,GSE72917_KO_DP1vDP2.txt.gz,conservative
GSE72917,GSE72917_WT_DP1vDP2.txt.gz,conservative
GSE72994,GSE72994_cds_exp.diff.gz,conservative
GSE72994,GSE72994_gene_exp.diff.gz,conservative
GSE72994,GSE72994_isoform_exp.diff.gz,conservative
GSE72994,GSE72994_promoters.diff.gz,conservative
GSE72994,GSE72994_tss_group_exp.diff.gz,conservative
GSE73077,GSE73077_fpkm_gene_exp.diff.gz,conservative
GSE73192,GSE73192_cds_chromosome_exp.diff.gz,conservative
GSE73289,GSE73289_gene_exp.diff.gz,conservative
GSE73678,GSE73678_Differential_gene_expression.xlsx.gz,conservative
GSE73940,GSE73940_cuffdiff.gene_exp.diff.gz,conservative
GSE73940,GSE73940_cuffdiff.isoform_exp.diff.gz,conservative
GSE74131,GSE74131_gene_exp.diff.gz,conservative
GSE74196,GSE74196_SnapC_gene_exp.diff.gz,conservative
GSE74220,GSE74220_Expression_of_Protein_Coding_Genes_in_Control_and_IL1b_treated_human_chondrocytes.txt.gz,conservative
GSE74868,GSE74868_ETS2_T72D_OE_Epi_RNAseq.txt.gz,conservative
GSE74893,GSE74893_ctrl_and_Tsc1ckO_gene_exp.txt.gz,conservative
GSE75787,GSE75787_gene_exp.diff.txt.gz,conservative
GSE75878,GSE75878_cds_exp.diff.gz,conservative
GSE75878,GSE75878_cds.diff.gz,conservative
GSE75878,GSE75878_gene_exp.diff.gz,conservative
GSE75878,GSE75878_isoform_exp.diff.gz,conservative
GSE75878,GSE75878_promoters.diff.gz,conservative
GSE75878,GSE75878_tss_group_exp.diff.gz,conservative
GSE76125,GSE76125_SenesUntreated_vs_SenesTreated_gene_exp.diff.gz,conservative
GSE76151,GSE76151_A1_isoform_exp.diff.gz,conservative
GSE76151,GSE76151_A2B1_isoform_exp.diff.gz,conservative
GSE76151,GSE76151_A2B1A1_isoform_exp.diff.gz,conservative
GSE76190,GSE76190_OtA8535_vs_OtA8538_gene_exp.diff.gz,conservative
GSE76190,GSE76190_OtA8536_vs_OtA8539_gene_exp.diff.gz,conservative
GSE76190,GSE76190_OtA8537_vs_OtA8540_gene_exp.diff.gz,conservative
GSE76190,GSE76190_OtA8538_vs_OtA8541_gene_exp.diff.gz,conservative
GSE76190,GSE76190_OtA8539_vs_OtA8542_gene_exp.diff.gz,conservative
GSE76190,GSE76190_OtA8540_vs_OtA8543_gene_exp.diff.gz,conservative
GSE76232,GSE76232_isoforms.diff_exp_ann_result.xls.gz,conservative
GSE76287,GSE76287_rosettes_col0vdko_tair.txt.gz,conservative
GSE76304,GSE76304_gene_exp.diff.gz,conservative
GSE76396,GSE76396_isoform_exp.diff.gz,conservative
GSE76453,GSE76453_cuffdiff_E2.diff.gz,conservative
GSE76453,GSE76453_cuffdiff_siCtl.diff.gz,conservative
GSE76453,GSE76453_cuffdiff_siZNF143.diff.gz,conservative
GSE76453,GSE76453_cuffdiff_veh.diff.gz,conservative
GSE76533,GSE76533_leaf.gene_exp.diff.gz,conservative
GSE76533,GSE76533_seedling.gene_exp.diff.gz,conservative
GSE76627,GSE76627_CNBP-cuffdif.xlsx.gz,conservative
GSE76682,GSE76682_EB_AM580gene_exp.diff.gz,conservative
GSE76683,GSE76683_shHOXA7gene_exp.diff.gz,conservative
GSE76771,GSE76771_ALL_gene_expression.txt.gz,conservative
GSE77032,GSE77032_aza_vs_PBS.gene_exp.tsv.gz,conservative
GSE77032,GSE77032_aza_vs_vc.gene_exp.tsv.gz,conservative
GSE77032,GSE77032_combo_vs_aza.gene_exp.tsv.gz,conservative
GSE77032,GSE77032_combo_vs_PBS.gene_exp.tsv.gz,conservative
GSE77032,GSE77032_combo_vs_vc.gene_exp.tsv.gz,conservative
GSE77032,GSE77032_vc_vs_PBS.gene_exp.tsv.gz,conservative
GSE77034,GSE77034_aza_vs_PBS.gene_exp.tsv.gz,conservative
GSE77034,GSE77034_aza_vs_vc.gene_exp.tsv.gz,conservative
GSE77034,GSE77034_combo_vs_aza.gene_exp.tsv.gz,conservative
GSE77034,GSE77034_combo_vs_PBS.gene_exp.tsv.gz,conservative
GSE77034,GSE77034_combo_vs_vc.gene_exp.tsv.gz,conservative
GSE77034,GSE77034_vc_vs_PBS.gene_exp.tsv.gz,conservative
GSE77113,GSE77113_GC_WT_vs_Hdac3KO.diff.gz,conservative
GSE77113,GSE77113_Hdac3KO_non-GC_vs_GC.diff.gz,conservative
GSE77113,GSE77113_non-GC_WT_vs_Hdac3KO.diff.gz,conservative
GSE77113,GSE77113_WT_non-GC_vs_GC.diff.gz,conservative
GSE77218,GSE77218_A3_A2.xlsx-sheet-express,conservative
GSE77218,GSE77218_A4_A2.xlsx-sheet-express,conservative
GSE77218,GSE77218_A4_A3.xlsx-sheet-express,conservative
GSE77229,GSE77229_gene_exp.diff.gz,conservative
GSE77256,GSE77256_Cuffdiff_Telogen_HFSCs.txt.gz,conservative
GSE77303,GSE77303_gene_exp.diff.gz,conservative
GSE77304,GSE77304_gene_exp.diff.gz,conservative
GSE77422,GSE77422_H358_Control-GNF5.xlsx-sheet-Sheet1,conservative
GSE77422,GSE77422_PC9_Control-GNF5.xlsx,conservative
GSE77422,GSE77422_PC9_SCR-AA.xlsx,conservative
GSE77422,GSE77422_PC9M_Control-GNF5.xlsx,conservative
GSE77422,GSE77422_PC9M_SCR-AA.xlsx,conservative
GSE77471,GSE77471_RNASEQ_differential_expression.txt.gz,conservative
GSE77499,GSE77499_Dd2CQ_Dd2_3D7_gene_exp.diff.gz,conservative
GSE77499,GSE77499_Dd2CQ_Dd2_3D7_isoform_exp.diff.gz,conservative
GSE77793,GSE77793_gene_exp_diff_fc_hepatocytes_DMSO_GL_TamerSallam_122012.txt.gz,conservative
GSE77862,GSE77862_nhay_-_Alb-Cre.xlsx,conservative
GSE78527,GSE78527_siSNRNP40_siControl_processed.txt.gz,conservative
GSE78965,GSE78965_C57Bl6_MCS_vs_FST_acute_gene_differential_expression_testing.txt.gz,conservative
GSE78965,GSE78965_C57Bl6_MCS_vs_FST_chronic_gene_differential_expression_testing.txt.gz,conservative
GSE79408,GSE79408_gene_exp.diff.gz,conservative
GSE79412,GSE79412_amiFPSa_gene_exp_diff.xlsx-sheet-Hoja1,conservative
GSE79677,GSE79677_Crossbred_vs._Purebred_comparison_group.tabular.txt.gz,conservative
GSE79677,GSE79677_One_by_one_comparisons.tabular.txt.gz,conservative
GSE79680,GSE79680_Heat_shock_table.csv.gz,conservative
GSE79758,GSE79758_gene_exp.diff.gz,conservative
GSE79779,GSE79779_gene_exp.diff.gz,conservative
GSE79822,GSE79822_cuffdiffs_mRNA.txt.gz,conservative
GSE80237,GSE80237_Supplementary_Data_1.txt.gz,conservative
GSE80301,GSE80301_col_rep1_mom1_gene_exp.diff.txt.gz,conservative
GSE80301,GSE80301_col_rep1_nrpe1_gene_exp.diff.txt.gz,conservative
GSE80301,GSE80301_col_rep1_pial1pial2_gene_exp.diff.txt.gz,conservative
GSE80301,GSE80301_col_rep2_mom1_gene_exp.diff.txt.gz,conservative
GSE80301,GSE80301_col_rep2_mom1pial2_gene_exp.diff.txt.gz,conservative
GSE80301,GSE80301_col_rep2_pial2_gene_exp.diff.txt.gz,conservative
GSE80370,GSE80370_col_morc6_gene_exp.diff.gz,conservative
GSE80370,GSE80370_col_suvh2suvh9_gene_exp.diff.gz,conservative
GSE80433,GSE80433_gene_exp.diff.gz,conservative
GSE80597,GSE80597_Processed_data_cuffdiff_output.txt.gz,conservative
GSE80972,GSE80972_frm_gene_exp.diff.txt.gz,conservative
GSE81007,GSE81007_cds_exp.diff.gz,conservative
GSE81007,GSE81007_cds.diff.gz,conservative
GSE81007,GSE81007_gene_exp.diff.gz,conservative
GSE81007,GSE81007_isoform_exp.diff.gz,conservative
GSE81007,GSE81007_promoters.diff.gz,conservative
GSE81007,GSE81007_splicing.diff.gz,conservative
GSE81007,GSE81007_tss_group_exp.diff.gz,conservative
GSE81055,GSE81055_gene_exp.diff_bias.txt.gz,conservative
GSE81055,GSE81055_gene_exp.diff.gz,conservative
GSE81114,GSE81114_gene_exp.diff.gz,conservative
GSE81123,GSE81123_Poplar_RNAseq_data.ods.txt.gz,conservative
GSE81191,GSE81191_Cuffdiff_Isoform.txt.gz,conservative
GSE81191,GSE81191_Cuffdiff_transcript.txt.gz,conservative
GSE81437,GSE81437_polyA_differential_gene_expression.txt.gz,conservative
GSE81575,GSE81575_gene_exp.diff.gz,conservative
GSE81707,GSE81707_N2_HC125_RNA-seq_PairedEnd_gene_exp_diff.xlsx,conservative
GSE81707,GSE81707_N2_HC125_RNA-seq_SingleEnd_gene_exp_diff.xlsx,conservative
GSE81858,GSE81858_AA_ABBB_gene_exp.diff.gz,conservative
GSE82164,GSE82164_Cuffdiff_gene_differential_expression_testing.tabular.txt.gz,conservative
GSE82164,GSE82164_Cuffdiff_transcript_differential_expression_testing.tabular.txt.gz,conservative
GSE82210,GSE82210_cuffdiff_lncOL1KO_vs_Ctrl.gene.fpkm.txt.gz,conservative
GSE83217,GSE83217_Processed_Matrix_FPKM.xlsx-sheet-siScramble_vs_siBdnf,conservative
GSE83217,GSE83217_Processed_Matrix_FPKM.xlsx-sheet-siScramble_vs_siHdac4,conservative
GSE83265,GSE83265_gene_exp.diff.gz,conservative
GSE83405,GSE83405_geneExpDiffData_E14_cells_pnldc1_silencing.xlsx-sheet-Φύλλο1,conservative
GSE83406,GSE83406_gene_exp.diff.gz,conservative
GSE83555,GSE83555_WT-KO-mm9-gene_exp.txt.gz,conservative
GSE83560,GSE83560_degTest_byCuffdiff.xlsx-sheet-T_11_12_P-T_11_12_C,conservative
GSE83560,GSE83560_degTest_byCuffdiff.xlsx-sheet-T_11_19_1_P-T_11_19_1_C,conservative
GSE83560,GSE83560_degTest_byCuffdiff.xlsx-sheet-T_72_P-T_72_C,conservative
GSE83567,GSE83567_gene_exp.diff.gz,conservative
GSE83584,GSE83584_processed_data_Day0.txt.gz,conservative
GSE83584,GSE83584_processed_data_Day3_5.txt.gz,conservative
GSE83601,GSE83601_All_genes_in_controls_and_PTSD.txt.gz,conservative
GSE83664,GSE83664_NS_M_vs_Input.isoform_exp.diff.gz,conservative
GSE83664,GSE83664_NS_vs_Input.isoform_exp.diff.gz,conservative
GSE84158,GSE84158_gene_exp.diff.gz,conservative
GSE84249,GSE84249_cuffdiff_gene_differential_expression_testing.tab.gz,conservative
GSE84450,GSE84450_WT_UTvsKO_DTT_gene_exp.diff.gz,conservative
GSE84450,GSE84450_WT_UTvsKO_UT_gene_exp.diff.gz,conservative
GSE84450,GSE84450_WT_UTvsWT_DTT_gene_exp.diff.gz,conservative
GSE84450,GSE84450_WT_UTvsX_DTT_gene_exp.diff.gz,conservative
GSE84450,GSE84450_WT_UTvsX_UT_gene_exp.diff.gz,conservative
GSE84529,GSE84529_Paired_comparison_of_three_sections_Cuffdiff.xlsx-sheet-Comparison_30-35_mm_vs_15-20_mm,conservative
GSE84786,GSE84786_isoform_exp.xlsx-sheet-Fold change,conservative
GSE84786,GSE84786_isoform_exp.xlsx-sheet-isoform_exp,conservative
GSE84798,GSE84798_gene_exp.diff.gz,conservative
GSE85308,GSE85308_gene_exp.diff.gz,conservative
GSE85308,GSE85308_processed_data.txt.gz,conservative
GSE85321,GSE85321_Supplemental_Table_6_JHD2_OE_YAD_.xls.gz-sheet-OE_EV_YAD_Diff analysis,conservative
GSE85402,GSE85402_gene_exp.diff.gz,conservative
GSE85416,GSE85416_isoform_exp.diff.gz,conservative
GSE85442,GSE85442_cuffdiff.gene_exp_diff.allg.txt.gz,conservative
GSE85442,GSE85442_cuffdiff.isoform_exp.diff.txt.gz,conservative
GSE85442,GSE85442_cuffdiff.tss_group_exp.diff.txt.gz,conservative
GSE85576,GSE85576_Supplementary_Table_1.xlsx-sheet-MagohMos2_vs_Control,conservative
GSE85863,GSE85863_Galaxy238-_Cuffdiff_on_data_40__data_35__and_others_gene_differential_expression_testing_.txt.gz,conservative
GSE86077,GSE86077_glp-1_EVvs28_D4.diff.gz,conservative
GSE86077,GSE86077_N2_EVvs28_D4.diff.gz,conservative
GSE86159,GSE86159_significance_calls_genes_overexpression.txt.gz,conservative
GSE86159,GSE86159_significance_calls_genes_tam_timecourse.txt.gz,conservative
GSE86187,GSE86187_p0wt-ko-gene_exp.diff.gz,conservative
GSE86202,GSE86202_Gene_differential_expression.xlsx,conservative
GSE86248,GSE86248_shControl-vs-shPaf1-gene_exp.diff.gz,conservative
GSE86248,GSE86248_shControl-vs-shPhf5a-gene_exp_1_.diff.gz,conservative
GSE86323,GSE86323_gene_exp.diff.txt.gz,conservative
GSE86442,GSE86442_gene_differential_expression.txt.gz,conservative
GSE86837,GSE86837_gene_exp.diff.gz,conservative
GSE87168,GSE87168_Watson_et_al_TOXSCI-16-0457_Diff_Gen_Exp.csv.gz,conservative
GSE87240,GSE87240_gene_expnorliver.diff.gz,conservative
GSE87240,GSE87240_gene_expsk.diff.gz,conservative
GSE87240,GSE87240_hep_gene_exphep.diff.gz,conservative
GSE87315,GSE87315_CuffDiff_RNA-seq.csv.gz,conservative
GSE87532,GSE87532_gene_exp.diff.name.txt.gz,conservative
GSE87626,GSE87626_nc_vs_19_gene_exp.diff.gz,conservative
GSE87635,GSE87635_CNOT3KO-WT.txt.gz,conservative
GSE87862,GSE87862_gene_exp.diff.gz,conservative
GSE87890,GSE87890_vgat1_csv.csv.gz,conservative
GSE87890,GSE87890_vgat2_csv.csv.gz,conservative
GSE87890,GSE87890_vglut1_csv.csv.gz,conservative
GSE87890,GSE87890_vglut2_csv.csv.gz,conservative
GSE87890,GSE87890_vglut3_csv.csv.gz,conservative
GSE88700,GSE88700_gene_exp.diff.gz,conservative
GSE89168,GSE89168_36hpupalCNS_WT_dStimKD_CuffDiff.txt.gz,conservative
GSE89168,GSE89168_72hpupalCNS_WT_dStimKD+Recovery_CuffDiff.txt.gz,conservative
GSE89364,GSE89364_mav_RNASeq_exp_deqiangs.xlsx,conservative
GSE89572,GSE89572_24h_DEGs.txt.gz,conservative
GSE89572,GSE89572_2h_DEGs.txt.gz,conservative
GSE89572,GSE89572_7d_DEGs.txt.gz,conservative
GSE90876,GSE90876_Cuffdiff_PSM_vs_SM.txt.gz,conservative
GSE90876,GSE90876_Cuffdiff_SM_vs_SM_Dev.txt.gz,conservative
GSE90974,GSE90974_Cuffdiff_Gene_Rb_24v36.txt.gz,conservative
GSE90974,GSE90974_Cuffdiff_Gene_Rb_24v48.txt.gz,conservative
GSE90974,GSE90974_Cuffdiff_Gene_Rb_36v48.txt.gz,conservative
GSE90974,GSE90974_Cuffdiff_Gene_RbvRv_24.txt.gz,conservative
GSE90974,GSE90974_Cuffdiff_Gene_RbvRv_36.txt.gz,conservative
GSE90974,GSE90974_Cuffdiff_Gene_RbvRv_48.txt.gz,conservative
GSE90974,GSE90974_Cuffdiff_Gene_RbvRv_Global.txt.gz,conservative
GSE90974,GSE90974_Cuffdiff_Gene_Rv_24v36.txt.gz,conservative
GSE90974,GSE90974_Cuffdiff_Gene_Rv_24v48.txt.gz,conservative
GSE90974,GSE90974_Cuffdiff_Gene_Rv_36v48.txt.gz,conservative
GSE90974,GSE90974_Cuffdiff_Gene_Sb_24v36.txt.gz,conservative
GSE90974,GSE90974_Cuffdiff_Gene_Sb_24v48.txt.gz,conservative
GSE90974,GSE90974_Cuffdiff_Gene_Sb_36v48.txt.gz,conservative
GSE90974,GSE90974_Cuffdiff_Gene_SbvSv_24.txt.gz,conservative
GSE90974,GSE90974_Cuffdiff_Gene_SbvSv_36.txt.gz,conservative
GSE90974,GSE90974_Cuffdiff_Gene_SbvSv_48.txt.gz,conservative
GSE90974,GSE90974_Cuffdiff_Gene_SbvSv_Global.txt.gz,conservative
GSE90974,GSE90974_Cuffdiff_Gene_Sv_24v36.txt.gz,conservative
GSE90974,GSE90974_Cuffdiff_Gene_Sv_24v48.txt.gz,conservative
GSE90974,GSE90974_Cuffdiff_Gene_Sv_36v48.txt.gz,conservative
GSE90974,GSE90974_Cuffdiff_Gene_SvvRv_24.txt.gz,conservative
GSE90974,GSE90974_Cuffdiff_Gene_SvvRv_36.txt.gz,conservative
GSE90974,GSE90974_Cuffdiff_Gene_SvvRv_48.txt.gz,conservative
GSE90974,GSE90974_Cuffdiff_Gene_SvvRv_Global.txt.gz,conservative
GSE90974,GSE90974_Cuffdiff_Transcript_Rb_24v36.txt.gz,conservative
GSE90974,GSE90974_Cuffdiff_Transcript_Rb_24v48.txt.gz,conservative
GSE90974,GSE90974_Cuffdiff_Transcript_Rb_36v48.txt.gz,conservative
GSE90974,GSE90974_Cuffdiff_Transcript_RbvRv_24.txt.gz,conservative
GSE90974,GSE90974_Cuffdiff_Transcript_RbvRv_36.txt.gz,conservative
GSE90974,GSE90974_Cuffdiff_Transcript_RbvRv_48.txt.gz,conservative
GSE90974,GSE90974_Cuffdiff_Transcript_RbvRv_Global.txt.gz,conservative
GSE90974,GSE90974_Cuffdiff_Transcript_Rv_24v36.txt.gz,conservative
GSE90974,GSE90974_Cuffdiff_Transcript_Rv_24v48.txt.gz,conservative
GSE90974,GSE90974_Cuffdiff_Transcript_Rv_36v48.txt.gz,conservative
GSE90974,GSE90974_Cuffdiff_Transcript_Sb_24v36.txt.gz,conservative
GSE90974,GSE90974_Cuffdiff_Transcript_Sb_24v48.txt.gz,conservative
GSE90974,GSE90974_Cuffdiff_Transcript_Sb_36v48.txt.gz,conservative
GSE90974,GSE90974_Cuffdiff_Transcript_SbvSv_24.txt.gz,conservative
GSE90974,GSE90974_Cuffdiff_Transcript_SbvSv_36.txt.gz,conservative
GSE90974,GSE90974_Cuffdiff_Transcript_SbvSv_48.txt.gz,conservative
GSE90974,GSE90974_Cuffdiff_Transcript_SbvSv_Global.txt.gz,conservative
GSE90974,GSE90974_Cuffdiff_Transcript_Sv_24v36.txt.gz,conservative
GSE90974,GSE90974_Cuffdiff_Transcript_Sv_24v48.txt.gz,conservative
GSE90974,GSE90974_Cuffdiff_Transcript_Sv_36v48.txt.gz,conservative
GSE90974,GSE90974_Cuffdiff_Transcript_SvvRv_24.txt.gz,conservative
GSE90974,GSE90974_Cuffdiff_Transcript_SvvRv_36.txt.gz,conservative
GSE90974,GSE90974_Cuffdiff_Transcript_SvvRv_48.txt.gz,conservative
GSE90974,GSE90974_Cuffdiff_Transcript_SvvRv_Global.txt.gz,conservative
GSE91075,GSE91075_gene_exp_WT1_KO1.txt.gz,conservative
GSE91075,GSE91075_gene_exp_WT2_KO2.txt.gz,conservative
GSE92989,GSE92989_Drought_2_days.txt.gz,conservative
GSE92989,GSE92989_Drought_3_days.txt.gz,conservative
GSE93280,GSE93280_gene_exp.diff.gz,conservative
GSE93280,GSE93280_isoform_exp.diff.gz,conservative
GSE93339,GSE93339_e125_Yap-mt_lung_all_genes.txt.gz,conservative
GSE93620,GSE93620_gene_exp.diff.gz,conservative
GSE93866,GSE93866_IDOE_GENE_EXPRESSION.xlsx,conservative
GSE94120,GSE94120_K562pos_rel_abundance_1x1.txt.gz,conservative
GSE94120,GSE94120_SKNSHpos_rel_abundance_1x1.txt.gz,conservative
GSE94120,GSE94120_U2OSpos_rel_abundance_1x1.txt.gz,conservative
GSE94783,GSE94783_rnaseq_process_cuffdiff_global_DMSO_Flut_genes_diff.tsv.gz,conservative
GSE94783,GSE94783_rnaseq_process_cuffdiff_global_DMSO_Flut_PPC_genes_diff.tsv.gz,conservative
GSE94783,GSE94783_rnaseq_process_cuffdiff_global_DMSO_PPC_genes_diff.tsv.gz,conservative
GSE94821,GSE94821_cuffdiff_mock_vs_12hpi.txt.gz,conservative
GSE94821,GSE94821_cuffdiff_mock_vs_16hpi.txt.gz,conservative
GSE94821,GSE94821_cuffdiff_mock_vs_20hpi.txt.gz,conservative
GSE94821,GSE94821_cuffdiff_mock_vs_4hpi.txt.gz,conservative
GSE94821,GSE94821_cuffdiff_mock_vs_8hpi.txt.gz,conservative
GSE94843,GSE94843_cuffdiff_mock_vs_lox.txt.gz,conservative
GSE94843,GSE94843_cuffdiff_mock_vs_mnv.txt.gz,conservative
GSE94967,GSE94967_cds_exp.diff_A_B_CDS.diff.gz,conservative
GSE94967,GSE94967_gene_exp.diff_A_B_GENE.diff.gz,conservative
GSE94967,GSE94967_isoform_exp.diff_A_B_ISOFORM.diff.gz,conservative
GSE94967,GSE94967_tss_group_exp.diff_A_B_TSS.diff.gz,conservative
GSE95234,GSE95234_IPInputFPKM.xlsx,conservative
GSE95481,GSE95481_GCN5_RNAi_vs_WT_root_tip_gene_exp.diff.gz,conservative
GSE95481,GSE95481_GCN5_RNAi_vs_WT_whole_root_gene_exp.diff.gz,conservative
GSE95679,GSE95679_Mishima_2017_Dcp2.txt.gz,conservative
GSE97129,GSE97129_CG9879_vs_WT_CuffDiff_Output_BDGP5.txt.gz,conservative
GSE97256,GSE97256_Y1differentialGenes.tab.gz,conservative
GSE98541,GSE98541_RPE1_diff_expression_WT_SAFA.xlsx,conservative
GSE98650,GSE98650_mb1_hdac3_cuffdiff_out.txt.gz,conservative
GSE98739,GSE98739_Q111SST_vs_Q111DOP_DEGs_with_fpkm.diff.gz,conservative
GSE98739,GSE98739_Q7SST_vs_Q111DOP_DEGs_with_fpkm.diff.gz,conservative
GSE98739,GSE98739_Q7SST_vs_Q111SST_DEGs_with_fpkm.diff.gz,conservative
GSE98875,GSE98875_Diff.summary.xlsx-sheet-all_genes,conservative
GSE99397,GSE99397_CreNeg-MHCPos_vs_Control.CuffDiff.gene_exp.diff.gz,conservative
GSE99397,GSE99397_CreNeg-MHCPos_vs_CrePos-MHCNeg.CuffDiff.gene_exp.diff.gz,conservative
GSE99397,GSE99397_CrePos-MHCNeg_vs_Control.CuffDiff.gene_exp.diff.gz,conservative
GSE33141,GSE33141_TopHatTranscriptsFPKM.xls.gz-sheet-mRNA-Transcripts-FPKM,other
GSE33141,GSE33141_TopHatTranscriptsFPKM.xls.gz-sheet-Pseudogenes-FPKM,other
GSE39605,GSE39605_All_KOvsWT_filtered_final.xlsx.gz-sheet-All_KOvsWT_filtered,other
GSE43614,GSE43614_diff_out.txt.gz,other
GSE49587,GSE49587_L2_L3P1_2_DEUtable.txt.gz,other
GSE49587,GSE49587_L312hr_L3P1_2_DEUtable.txt.gz,other
GSE52551,GSE52551_delta_Rv3263_expr.txt.gz,other
GSE55682,GSE55682_16h.xls.gz,other
GSE55682,GSE55682_20h.xls.gz,other
GSE55682,GSE55682_24h.xls.gz,other
GSE55682,GSE55682_48h.xls.gz,other
GSE55682,GSE55682_Baf250a6days.csv.gz,other
GSE56966,GSE56966_IL6Ra_WT.xlsx.gz-sheet-gene_exp,other
GSE56966,GSE56966_MyD88_WT.xlsx.gz-sheet-gene_exp,other
GSE58053,GSE58053_1mm-over-0mm.txt.gz,other
GSE63750,GSE63750_chemlow-batch-result-using-R-DeSeq.csv.gz,other
GSE63884,GSE63884_gene_exp.diff_cenpk_imx372_aerobic.txt.gz,other
GSE67437,GSE67437_KO-ILC2-mLN_021815_vs_WT-ILC2-mLN_021815.txt.gz,other
GSE71916,GSE71916_Expression_Cufflinks_siRbfox1_3+Flag-Rbfox1_C_compared_to_siRbfox1_3+EGFP.txt.gz,other
GSE71916,GSE71916_Expression_Cufflinks_siRbfox1_3+Flag-Rbfox1_N_compared_to_siRbfox1_3+EGFP.txt.gz,other
GSE86211,GSE86211_CmrA_transcriptome_Expression_of_all_genes.xlsx-sheet-PA14vsPJ01dT,other
GSE95850,GSE95850_RUCA-I_WT_vs_miR-203_KO_gene_expression.csv.gz,other
GSE96814,GSE96814_Deseq_TotRNA.xlsx-sheet-Feuil1,other
GSE96814,GSE96814_Deseq2_MS2RsaA.xlsx-sheet-Feuil1,other
GSE97525,GSE97525_Dm_AKHR_F2_RNA-seq.xlsx-sheet-PM vs WT,other
GSE97525,GSE97525_Dm_AKHR_F2_RNA-seq.xlsx-sheet-PP vs PM,other
GSE97525,GSE97525_Dm_AKHR_F2_RNA-seq.xlsx-sheet-PP vs WT,other
GSE98526,GSE98526_A2_vs_UA159T5.txt.gz,other
GSE52153,GSE52153_wtDMSOvsczt-1DMSO.txt.gz,spiky
GSE52153,GSE52153_wtDMSOvswtSTS.txt.gz,spiky
GSE53040,GSE53040_wtDMSOvswtD1.txt.gz,spiky
GSE53040,GSE53040_wtDMSOvswtTX87.txt.gz,spiky
GSE53040,GSE53040_wtDMSOvswtXP13.txt.gz,spiky
GSE56058,GSE56058_differentialExpressionGenes_RD19.txt.gz,spiky
GSE59571,GSE59571_S13113_genesdiff.xlsx,spiky
GSE78824,GSE78824_Cuffdiff_transcript_differential_expression_testing.tab.gz,spiky
GSE85950,GSE85950_EHEC_plusminus_Symbioflor.xlsx,spiky
GSE40218,GSE40218_processed_DESeq.txt.gz,anti-conservative
GSE55870,GSE55870_CAF90vsNF1493.xlsx.gz,other
GSE61336,GSE61336_results_167_vs_WTL.txt.gz,anti-conservative
GSE61336,GSE61336_results_167_vs_WTZ.txt.gz,anti-conservative
GSE61336,GSE61336_results_WTL_vs_WTZ.txt.gz,anti-conservative
GSE63750,GSE63750_chemhigh-batch-result-using-R-DeSeq.csv.gz,other
GSE65328,GSE65328_A17_6V.tab.gz,anti-conservative
GSE65406,GSE65406_control_vs_gld1_DESeq.csv.gz,other
GSE70382,GSE70382_DESeq_allresp_vs_nonresp.xlsx-sheet-Blad1,other
GSE75833,GSE75833_DESeq-processed_FB.control_vs_BR.txt.gz,anti-conservative
GSE80128,GSE80128_P035_DESeq_KO-WT_pathway.txt.gz,anti-conservative
GSE80135,GSE80135_Lipo_siProx_sig_results.csv.gz,anti-conservative
GSE81593,GSE81593_1.Mcf10A_p53delVec_and_p53delHras.xlsx,anti-conservative
GSE81593,GSE81593_2.Mcf10A_Vec_and_Hras.xlsx,anti-conservative
GSE85554,GSE85554_deg_and_counts_table_new_read_counts.txt.gz,anti-conservative
GSE85627,GSE85627_mDUX-mESC.xlsx.gz-sheet-Transient,other
GSE98869,GSE98869_diffexp.tsv.gz,other
